Name,G,PA,HR,BB,K,playerid,LD,GB,FB,IFFB,HRperFB,Pull,Cent,Oppo,EV,maxEV,LA,Barrel,HardHit,Year,Predicted_HR_2023,Predicted_HR_2023_Integers,Difference_in_HR,Pct_Difference_in_HR
Jose Azocar,98,216,0,5.6,20.4,18821,21.4,49.4,29.2,0.0,0.0,23.8,40.6,35.6,88.3,108.2,9.4,2.5,30.0,2022,4.207332796515138,4,4,inf
Nicky Lopez,142,480,0,6.0,13.1,19339,21.1,54.2,24.7,13.2,0.0,29.4,38.3,32.3,84.9,106.7,4.9,1.6,22.4,2022,3.7535380933300138,3,3,inf
Myles Straw,152,596,0,9.1,14.6,17620,19.1,47.2,33.7,6.6,0.0,26.0,37.9,36.1,87.0,104.8,9.8,0.7,26.4,2022,6.2965877037206885,6,6,inf
Nick Madrigal,59,228,0,6.1,11.8,20521,21.0,60.8,18.2,6.1,0.0,33.7,37.0,29.3,85.9,106.5,-0.2,0.0,23.9,2022,1.6670074413512437,1,1,inf
Vimael Machin,73,253,1,9.9,18.6,17684,23.5,43.0,33.5,5.0,1.7,30.7,38.0,31.3,89.3,108.5,10.2,3.9,39.1,2022,8.083846679591604,8,7,700.0
Cesar Hernandez,147,617,1,7.3,18.5,10556,22.9,46.5,30.7,11.9,0.7,35.0,34.1,30.8,84.8,110.8,9.3,2.4,29.7,2022,8.566569258037275,8,7,700.0
Sam Hilliard,70,200,2,11.5,28.5,17954,18.5,44.5,37.0,11.4,4.5,36.1,42.9,21.0,92.0,115.1,13.4,9.2,48.7,2022,14.293659740335622,14,12,600.0
Didi Gregorius,63,232,1,5.6,15.5,6012,19.1,39.9,41.0,17.8,1.4,34.4,42.2,23.3,84.5,106.5,15.8,2.8,22.8,2022,6.0978998164485,6,5,500.0
Seby Zavala,61,205,2,9.3,31.2,18887,24.1,28.4,47.4,9.1,3.6,42.0,29.4,28.6,88.8,105.8,22.7,9.2,37.0,2022,11.911654055672102,11,9,450.0
Adam Engel,119,260,2,4.2,29.2,15082,21.4,39.3,39.3,13.6,3.0,41.4,31.4,27.2,87.9,111.2,15.0,1.8,32.5,2022,10.611454661246997,10,8,400.0
Tucker Barnhart,94,308,1,8.1,24.0,10200,16.2,53.4,30.4,14.5,1.6,36.5,34.6,28.8,84.5,105.2,10.1,1.9,25.5,2022,4.284175870937395,4,3,300.0
Josh Smith,73,253,2,11.1,19.8,26396,23.9,33.7,42.3,17.4,2.9,36.3,38.7,25.0,87.0,105.4,19.2,2.4,28.6,2022,8.430365334112558,8,6,300.0
CJ Abrams,90,302,2,1.7,16.6,25768,17.7,50.9,31.5,12.3,2.7,35.7,38.2,26.1,86.5,109.6,6.8,2.1,30.7,2022,7.333359263344983,7,5,250.0
Kevin Newman,78,309,2,5.2,15.5,17696,25.9,42.7,31.4,14.7,2.7,42.4,36.6,21.0,85.6,108.2,13.3,1.6,27.2,2022,7.299341115646981,7,5,250.0
Victor Reyes,92,336,3,3.9,22.9,15487,24.3,44.4,31.4,8.0,4.0,41.3,30.6,28.1,87.9,110.9,10.9,5.0,36.8,2022,10.317371635971323,10,7,233.33333333333334
Akil Baddoo,73,225,2,10.7,28.4,22168,17.8,42.2,40.0,18.5,3.7,33.6,32.8,33.6,85.0,108.5,14.2,3.6,27.0,2022,6.47721371525546,6,4,200.0
Jarren Duran,58,223,3,6.3,28.3,24617,15.4,50.7,33.8,8.7,6.5,35.2,37.3,27.5,89.3,110.4,7.6,7.7,37.3,2022,9.2607403521218,9,6,200.0
Austin Nola,110,397,4,8.6,15.1,15941,20.6,42.6,36.8,9.2,3.7,44.4,32.3,23.2,89.4,109.1,12.0,2.4,39.4,2022,12.653788735145557,12,8,200.0
Reese McGuire,89,274,3,4.4,20.4,15674,22.5,38.7,38.7,13.5,4.1,35.6,36.6,27.7,87.0,109.6,14.1,2.5,29.1,2022,9.122226874702621,9,6,200.0
Cooper Hummel,66,201,3,11.4,31.8,19458,17.7,46.9,35.4,15.0,7.5,43.4,37.2,19.5,87.6,110.9,7.7,7.1,35.4,2022,9.5157471641578,9,6,200.0
J.J. Bleday,65,238,5,12.6,28.2,26368,23.7,23.7,52.5,15.1,6.8,49.6,31.7,18.7,86.3,107.9,25.0,8.6,33.8,2022,14.10826093827997,14,9,180.0
Manuel Margot,89,363,4,6.6,18.7,14712,23.0,44.8,32.2,17.9,4.8,30.1,43.1,26.8,89.5,110.4,10.2,3.7,37.9,2022,11.194119383682773,11,7,175.0
Cristian Pache,91,260,3,5.8,26.9,19948,17.6,57.1,25.3,14.0,7.0,47.1,35.1,17.8,89.4,108.6,3.8,3.4,40.8,2022,8.438622086497269,8,5,166.66666666666666
Leody Taveras,99,341,5,6.2,25.8,18900,21.6,42.3,36.0,15.0,6.3,35.2,37.4,27.4,89.4,112.9,12.0,4.3,36.1,2022,13.09470266550906,13,8,160.0
Kyle Isbel,106,278,5,5.8,27.0,21614,19.3,43.1,37.6,17.6,7.4,47.8,31.0,21.2,89.7,111.2,10.6,4.9,44.6,2022,13.69893142004044,13,8,160.0
Garrett Hampson,90,226,2,9.3,27.9,19262,16.2,48.5,35.4,8.7,4.3,29.1,44.7,26.2,86.5,107.0,10.2,4.3,27.7,2022,5.125815865014146,5,3,150.0
Enrique Hernandez,93,402,6,8.5,17.7,10472,18.0,39.5,42.5,20.0,4.8,46.3,32.3,21.4,87.8,112.3,17.1,5.8,35.0,2022,15.796367703160834,15,9,150.0
Yasmani Grandal,99,376,5,12.0,21.0,11368,21.2,42.8,36.0,12.2,5.6,37.6,31.6,30.8,90.0,110.2,12.1,4.8,39.6,2022,12.568812873288646,12,7,140.0
Lourdes Gurriel Jr.,121,493,5,6.3,16.8,19238,23.7,44.6,31.7,7.6,4.2,37.9,34.4,27.7,90.6,109.5,10.9,3.8,45.3,2022,12.439126245282697,12,7,140.0
Paul DeJong,77,237,6,8.9,33.3,18015,16.5,33.1,50.4,11.9,9.0,48.9,20.3,30.8,87.6,110.3,21.7,9.8,37.6,2022,14.5598482285883,14,8,133.33333333333334
Dylan Moore,104,255,6,13.3,29.4,18042,17.7,32.3,50.0,15.4,9.2,42.4,34.8,22.7,87.2,110.5,20.7,12.8,36.1,2022,14.100865149759395,14,8,133.33333333333334
Adam Frazier,156,602,3,7.6,12.1,15223,24.0,41.2,34.8,8.5,1.8,36.6,36.2,27.2,85.1,105.1,13.6,1.5,23.8,2022,7.79259983351393,7,4,133.33333333333334
Leury Garcia,97,315,3,2.2,20.6,5913,20.4,50.2,29.4,10.1,4.3,35.0,38.8,26.3,87.0,109.2,6.2,4.2,34.2,2022,7.770534487215773,7,4,133.33333333333334
Luke Maile,76,206,3,9.2,26.2,13355,18.5,37.7,43.8,7.0,5.3,41.5,36.2,22.3,84.5,106.5,17.0,5.4,25.4,2022,7.1271784818569905,7,4,133.33333333333334
Jackie Bradley Jr.,132,370,4,6.5,20.8,12984,17.0,50.6,32.5,11.6,4.7,42.8,34.6,22.7,87.6,107.6,7.4,4.8,37.2,2022,9.515176668700136,9,5,125.0
Jacob Stallings,114,384,4,7.6,21.6,13723,19.3,42.0,38.6,6.9,3.9,35.3,32.3,32.3,86.7,109.5,12.9,3.4,32.0,2022,9.69957506957722,9,5,125.0
Andrew Knizner,97,293,4,8.9,21.2,19514,17.2,44.9,37.9,22.7,5.3,40.7,33.2,26.1,86.0,110.2,15.6,3.5,32.7,2022,9.925184009910947,9,5,125.0
Robinson Chirinos,67,220,4,8.6,30.5,3142,18.1,40.2,41.7,17.0,7.5,51.5,33.8,14.6,84.8,107.6,17.6,6.9,33.1,2022,9.956996301702587,9,5,125.0
Andrew Benintendi,126,521,5,10.0,14.8,17901,22.1,43.4,34.5,3.8,3.8,30.5,41.0,28.5,89.2,109.8,12.6,5.1,38.5,2022,11.929058735589592,11,6,120.0
Matt Vierling,117,357,6,6.4,19.6,21558,22.7,41.2,36.2,9.6,6.4,30.3,41.4,28.4,91.2,112.1,12.0,5.0,47.1,2022,13.661225221068017,13,7,116.66666666666667
Ryan Jeffers,67,236,7,9.7,26.3,24618,18.9,35.1,45.9,13.2,10.3,43.0,31.1,25.8,88.2,113.2,18.2,13.2,42.4,2022,15.749532961385974,15,8,114.28571428571429
Franchy Cordero,84,275,8,10.2,33.5,14567,22.7,38.7,38.7,3.4,13.8,41.6,32.5,26.0,89.7,117.9,12.7,12.3,45.5,2022,17.339035801753955,17,9,112.5
Joey Wendle,101,371,3,4.0,13.5,13853,16.8,55.0,28.2,1.2,3.6,35.9,33.2,30.9,87.5,107.6,3.0,1.7,36.2,2022,6.767273344374492,6,3,100.0
Jon Berti,102,404,4,10.4,22.0,12037,16.7,53.0,30.4,3.7,4.9,32.2,40.0,27.8,88.0,109.1,4.7,5.9,36.7,2022,8.030694969002727,8,4,100.0
Luis Gonzalez,98,350,4,8.6,21.4,20332,17.1,45.6,37.3,7.1,4.7,29.5,35.3,35.3,86.9,109.7,10.9,2.9,32.0,2022,8.352624828493708,8,4,100.0
Eddie Rosario,80,270,5,6.3,25.2,12155,19.7,39.3,41.0,8.0,6.7,42.2,40.5,17.3,87.7,107.3,15.2,5.4,33.0,2022,10.288377075722794,10,5,100.0
Donovan Solano,80,304,4,6.3,20.1,8623,27.4,44.7,27.9,8.2,6.6,36.5,37.4,26.0,88.3,107.3,10.7,5.9,39.7,2022,8.45669926638584,8,4,100.0
Brett Phillips,83,225,5,7.1,41.8,14735,23.6,32.1,44.3,17.0,10.6,47.3,32.1,20.5,88.5,107.8,22.8,4.5,28.6,2022,10.275546691837066,10,5,100.0
Matt Duffy,77,247,2,6.9,20.2,13836,20.8,46.6,32.6,1.7,3.4,28.7,36.0,35.4,87.1,105.8,9.9,2.8,25.8,2022,4.343546440877782,4,2,100.0
Nelson Velazquez,77,206,6,9.2,31.6,23359,16.7,42.5,40.8,4.1,12.2,43.3,37.5,19.2,89.2,111.2,12.3,13.3,41.7,2022,12.839563936998891,12,6,100.0
Marwin Gonzalez,86,207,6,6.8,26.1,5497,23.5,36.4,40.2,22.6,11.3,51.1,23.7,25.2,88.0,107.0,19.4,5.9,37.0,2022,12.178800731491187,12,6,100.0
Mike Moustakas,78,285,7,8.4,26.3,4892,15.0,35.0,50.0,20.0,7.8,44.4,35.0,20.6,87.6,111.7,19.4,6.1,33.9,2022,14.672530482633352,14,7,100.0
Gilberto Celestino,122,347,2,9.2,22.2,20233,20.9,60.3,18.8,13.6,4.5,31.4,31.8,36.9,87.3,107.6,-1.9,2.5,33.9,2022,4.886682560675897,4,2,100.0
Harold Ramirez,120,435,6,4.4,16.6,14387,19.4,52.5,28.1,11.7,6.4,41.8,39.4,18.8,88.5,113.7,4.8,4.8,40.9,2022,12.896513014382704,12,6,100.0
Spencer Torkelson,110,404,8,9.2,24.5,27465,19.0,40.3,40.7,14.0,7.5,42.2,31.9,25.9,90.5,111.5,15.0,8.4,41.4,2022,16.77577735855658,16,8,100.0
Brandon Lowe,65,266,8,10.2,22.9,18882,20.7,37.9,41.4,9.7,11.1,43.4,31.4,25.1,89.4,112.2,16.6,10.3,38.9,2022,15.390714199161426,15,7,87.5
Brad Miller,81,241,7,7.5,29.0,12775,17.1,42.1,40.8,9.7,11.3,35.9,32.0,32.0,91.1,110.7,14.1,7.8,39.9,2022,13.239813324295378,13,6,85.71428571428571
Keibert Ruiz,112,433,7,6.9,11.5,19610,22.8,40.2,37.0,10.9,5.5,49.6,33.7,16.7,88.0,109.4,14.9,3.7,32.3,2022,13.688623208874915,13,6,85.71428571428571
Ke'Bryan Hayes,136,560,7,8.6,21.8,18577,21.8,49.4,28.8,10.8,6.3,27.0,40.8,32.2,91.0,113.0,5.2,3.9,46.8,2022,13.339182678761855,13,6,85.71428571428571
Cavan Biggio,97,303,6,12.5,28.1,19252,20.9,35.5,43.6,2.7,8.0,46.0,32.2,21.8,87.9,107.6,19.6,6.9,32.8,2022,11.46414633331057,11,5,83.33333333333333
Wander Franco,83,344,6,7.6,9.6,23667,24.6,44.2,31.2,10.1,6.7,38.6,34.0,27.4,87.3,112.4,8.2,4.6,35.4,2022,11.363619626452715,11,5,83.33333333333333
Christian Arroyo,87,300,6,4.3,16.3,16434,25.3,45.5,29.2,8.8,8.8,35.3,40.0,24.7,88.9,112.2,9.1,6.4,42.1,2022,11.590154655293304,11,5,83.33333333333333
Michael Brantley,64,277,5,11.2,10.8,4106,24.3,44.4,31.3,4.5,7.5,37.2,41.9,20.9,89.8,108.2,10.7,6.0,45.1,2022,9.625826852323065,9,4,80.0
Miguel Cabrera,112,433,5,6.5,23.3,1744,22.3,52.8,24.9,2.7,6.7,34.6,37.5,27.9,89.9,111.0,5.0,4.7,38.2,2022,9.522977094629965,9,4,80.0
Calvin Mitchell,69,232,5,7.8,22.4,22169,22.4,47.2,30.4,0.0,10.2,48.1,29.0,22.8,89.9,107.3,7.5,4.9,40.7,2022,9.021886850089002,9,4,80.0
Riley Greene,93,418,5,8.6,28.7,25976,20.1,56.0,23.9,1.6,8.1,34.7,37.5,27.8,89.5,112.1,2.8,9.3,45.2,2022,9.265629486112532,9,4,80.0
Ezequiel Duran,58,220,5,5.5,24.5,23733,16.2,50.6,33.1,33.3,9.8,42.2,28.6,29.2,85.9,110.2,9.5,4.5,31.2,2022,9.458072136744804,9,4,80.0
Nick Senzel,110,420,5,7.1,18.1,19293,22.6,46.1,31.3,11.8,5.4,39.7,37.0,23.3,87.2,109.5,11.7,3.2,32.4,2022,9.85363352138766,9,4,80.0
Mauricio Dubon,104,265,5,4.9,11.3,16530,16.6,38.7,44.7,12.4,5.2,33.9,43.4,22.6,84.7,107.6,16.7,2.3,29.9,2022,9.20436632888987,9,4,80.0
Yandy Diaz,137,558,9,14.0,10.8,16578,18.6,49.8,31.6,10.7,6.9,30.4,37.7,31.9,92.2,114.3,7.7,4.8,48.6,2022,16.782441932545034,16,7,77.77777777777777
Max Kepler,115,446,9,11.0,14.8,12144,19.9,45.7,34.4,9.8,8.0,45.1,33.1,21.8,89.1,113.9,11.1,7.1,39.9,2022,16.31167447055155,16,7,77.77777777777777
Yuli Gurriel,146,584,8,5.1,12.5,19198,18.5,40.6,40.8,12.9,4.1,33.7,36.8,29.5,88.2,109.6,14.6,1.9,35.4,2022,14.73070285847634,14,6,75.0
Brandon Belt,78,298,8,12.4,27.2,10264,22.6,27.4,50.0,6.0,9.5,37.4,33.9,28.7,88.4,108.3,23.4,12.6,38.5,2022,14.734140410901043,14,6,75.0
Ildemaro Vargas,63,222,4,3.6,10.4,13324,20.2,48.1,31.7,3.4,6.9,37.2,40.4,22.3,87.0,109.2,7.4,2.1,29.3,2022,7.001325024604828,7,3,75.0
Jorge Alfaro,82,274,7,4.0,35.8,12180,24.2,46.6,29.2,4.3,14.9,35.4,37.3,27.3,89.4,115.2,8.0,11.2,38.5,2022,12.929058401003559,12,5,71.42857142857143
Carson Kelly,104,354,7,8.2,20.1,13620,19.7,40.6,39.8,11.1,7.1,38.4,39.6,22.0,87.7,109.4,14.7,5.2,36.8,2022,12.099513849430934,12,5,71.42857142857143
Robbie Grossman,129,477,7,11.7,27.0,5254,24.2,31.2,44.6,6.3,5.5,49.0,31.1,19.9,86.7,105.8,21.1,3.5,30.1,2022,12.55083133142119,12,5,71.42857142857143
Rafael Ortega,118,371,7,11.9,19.9,10323,21.5,33.6,44.9,9.0,6.3,42.0,33.6,24.4,87.2,108.4,17.1,4.8,33.5,2022,12.904845691234017,12,5,71.42857142857143
Jorge Soler,72,306,13,10.1,29.4,14221,17.7,42.0,40.3,11.0,17.8,50.3,33.7,16.0,91.2,117.6,13.7,12.1,43.4,2022,22.588076106765996,22,9,69.23076923076923
Corey Dickerson,97,297,6,4.0,16.2,10762,21.3,46.0,32.8,13.0,7.8,37.0,34.0,28.9,87.7,112.1,10.6,3.8,32.3,2022,10.622035594723336,10,4,66.66666666666667
Alfonso Rivas,101,287,3,10.1,30.3,21560,26.4,49.1,24.5,5.0,7.5,34.7,34.1,31.1,86.9,108.0,4.9,4.2,35.3,2022,5.7556946736971195,5,2,66.66666666666667
Gavin Lux,129,471,6,10.0,20.2,19955,21.6,48.9,29.5,7.2,6.2,42.2,36.5,21.3,88.0,108.1,6.8,6.1,39.8,2022,10.373399117857177,10,4,66.66666666666667
Matt Reynolds,93,272,3,9.6,28.7,13788,22.2,50.9,26.9,2.2,6.7,26.9,43.1,29.9,90.2,106.7,5.6,3.0,41.9,2022,5.527202818084181,5,2,66.66666666666667
Jonathan Villar,59,220,3,6.8,26.8,10071,17.5,60.1,22.4,3.1,9.4,30.1,45.2,24.7,89.6,109.5,-0.7,2.7,39.7,2022,5.62117940061183,5,2,66.66666666666667
Nick Gordon,138,443,9,4.3,23.7,16337,24.2,40.5,35.3,3.7,8.3,41.1,32.7,26.2,90.6,110.7,12.5,9.4,44.3,2022,15.381292894009803,15,6,66.66666666666667
Ketel Marte,137,558,12,9.9,18.1,13613,18.7,42.3,39.0,9.1,7.8,44.4,34.6,21.0,90.1,115.0,13.5,6.1,41.9,2022,20.68607896798717,20,8,66.66666666666667
Tomas Nido,98,313,3,4.5,24.3,13755,20.9,50.0,29.1,1.7,5.0,30.2,41.4,28.4,86.4,107.4,8.4,6.3,32.9,2022,5.8832430032160685,5,2,66.66666666666667
Jose Iglesias,118,467,3,3.6,12.0,10231,22.1,52.2,25.7,7.1,3.0,41.5,36.3,22.3,83.8,109.9,6.0,0.5,27.5,2022,5.995758392827189,5,2,66.66666666666667
Oneil Cruz,87,361,17,7.8,34.9,21711,16.5,49.0,34.5,12.7,23.9,43.7,34.5,21.8,91.9,122.4,8.3,15.5,45.6,2022,28.240092023026346,28,11,64.70588235294117
Aaron Hicks,130,453,8,13.7,24.1,5297,16.4,44.4,39.3,14.8,7.4,47.5,27.0,25.5,87.9,109.6,14.8,5.8,33.1,2022,13.163663634464081,13,5,62.5
LaMonte Wade Jr.,77,251,8,10.4,20.3,18126,18.6,31.7,49.7,14.5,9.6,40.8,37.9,21.3,87.7,109.3,21.1,9.5,33.7,2022,13.923962066298648,13,5,62.5
Jo Adell,88,285,8,3.9,37.5,20220,20.6,38.8,40.6,15.4,12.3,47.2,31.1,21.7,87.4,112.2,16.7,9.8,37.4,2022,13.896221528856467,13,5,62.5
Harrison Bader,86,313,5,4.8,19.8,18030,16.4,40.1,43.5,17.8,5.0,39.7,41.8,18.5,83.4,109.6,16.7,3.4,26.3,2022,8.566767847154091,8,3,60.0
Vinnie Pasquantino,72,298,10,11.7,11.4,27676,19.1,40.9,40.0,5.6,11.1,42.0,36.3,21.7,91.2,112.7,12.1,8.8,46.9,2022,16.824416759933825,16,6,60.0
Mitch Garver,54,215,10,10.7,24.7,15161,16.8,34.3,48.9,11.9,14.9,58.4,21.9,19.7,88.9,111.4,18.4,8.8,38.7,2022,16.94450878636931,16,6,60.0
Yadier Molina,80,270,5,1.9,14.8,7007,21.1,38.1,40.8,12.1,5.5,39.0,37.2,23.8,84.7,107.8,16.9,3.1,26.0,2022,8.3830806041417,8,3,60.0
David Peralta,134,490,12,8.4,23.3,2136,22.7,36.3,41.1,14.0,8.8,39.0,39.3,21.8,90.3,113.0,15.1,8.5,44.1,2022,19.38104864103628,19,7,58.333333333333336
Jose Siri,104,325,7,6.2,33.2,17452,21.1,42.6,36.3,13.0,10.1,40.2,35.1,24.7,87.2,112.0,15.4,6.2,33.0,2022,11.155276768522324,11,4,57.142857142857146
Wil Myers,77,286,7,7.3,30.1,10047,21.6,40.3,38.1,11.9,10.4,38.8,31.5,29.8,88.5,109.4,13.0,7.3,37.6,2022,11.589880606119777,11,4,57.142857142857146
Garrett Cooper,119,469,9,8.5,25.4,15279,26.3,44.3,29.3,3.4,10.2,39.3,33.0,27.7,89.6,112.6,8.8,10.7,43.3,2022,14.264833294525173,14,5,55.55555555555556
Mitch Haniger,57,247,11,8.1,26.3,14274,19.9,37.3,42.9,14.5,15.9,46.0,32.3,21.7,91.9,111.0,18.2,11.8,47.2,2022,17.05286276846297,17,6,54.54545454545455
T.J. Friedl,72,258,8,7.8,15.5,19522,17.8,32.2,50.0,12.2,8.9,47.6,28.8,23.6,87.2,107.2,19.8,4.7,29.3,2022,12.656845373675733,12,4,50.0
Isiah Kiner-Falefa,142,531,4,6.6,13.6,16512,20.9,54.9,24.3,7.0,4.0,35.3,35.8,28.9,86.2,109.8,4.3,1.2,29.8,2022,6.953204679343732,6,2,50.0
Luis Guillorme,102,335,2,10.1,13.7,16451,25.6,55.3,19.1,2.1,4.3,27.7,43.1,29.2,86.2,110.3,4.3,2.4,24.9,2022,3.053621641350481,3,1,50.0
Kyle Higashioka,83,248,10,4.8,21.0,5517,22.1,34.8,43.1,12.8,12.8,45.9,38.8,15.3,90.9,109.1,17.2,9.8,48.1,2022,15.315390369604938,15,5,50.0
Yonathan Daza,113,408,2,6.4,14.2,15794,23.9,55.3,20.8,4.5,3.0,36.3,36.3,27.5,84.8,106.0,4.6,1.9,25.0,2022,3.463453871473527,3,1,50.0
Francisco Mejia,93,299,6,2.3,21.7,16403,24.4,36.9,38.7,9.2,6.9,45.3,33.8,20.9,86.8,108.5,15.7,2.7,27.6,2022,9.916858315950094,9,3,50.0
Owen Miller,130,472,6,6.8,19.7,24655,22.9,43.2,33.8,7.0,5.2,37.1,38.8,24.1,85.8,109.1,10.1,3.5,31.2,2022,9.441725473088468,9,3,50.0
J.P. Crawford,145,603,6,11.3,13.3,15491,23.4,45.2,31.4,15.2,4.3,34.2,38.4,27.4,85.1,109.3,8.9,2.0,29.2,2022,9.500843082920122,9,3,50.0
Nelson Cruz,124,507,10,9.7,23.5,2434,19.3,52.4,28.3,9.6,10.6,35.2,36.1,28.6,90.9,113.8,7.2,9.3,45.7,2022,15.442851349137285,15,5,50.0
Luis Robert,98,401,12,4.2,19.2,20043,22.0,45.1,32.9,10.0,12.0,37.2,34.9,28.0,89.3,117.8,10.0,8.9,42.4,2022,18.327270453207596,18,6,50.0
Ronald Acuna Jr.,119,533,15,9.9,23.6,18401,18.3,47.7,34.0,12.8,12.8,44.5,35.2,20.3,91.2,116.6,10.8,12.8,49.7,2022,22.14584922070451,22,7,46.666666666666664
Trayce Thompson,80,255,13,12.5,36.5,9952,29.7,31.3,39.1,6.0,26.0,55.5,28.9,15.6,92.3,111.9,16.3,16.4,46.9,2022,19.633442830181494,19,6,46.15384615384615
Christian Bethancourt,101,333,11,3.6,24.0,10028,19.5,45.3,35.2,10.8,13.3,42.3,36.4,21.3,90.1,113.4,9.4,11.7,44.4,2022,16.70086721902455,16,5,45.45454545454545
Tyler Naquin,105,334,11,5.7,27.8,13359,21.1,39.0,39.9,11.8,12.9,37.6,36.7,25.7,90.3,112.7,14.4,9.6,40.8,2022,16.58475061571009,16,5,45.45454545454545
Darin Ruf,119,388,11,11.6,27.1,9929,18.1,41.4,40.5,13.8,11.7,47.0,27.2,25.9,89.2,112.1,14.8,8.6,40.5,2022,16.441461011063403,16,5,45.45454545454545
Maikel Franco,103,388,9,3.1,19.3,12179,19.7,44.5,35.8,16.8,8.4,46.8,31.8,21.4,87.0,112.1,11.5,4.7,34.4,2022,13.707596417315015,13,4,44.44444444444444
Nick Fortes,72,240,9,7.5,18.8,21538,17.4,40.1,42.4,13.7,12.3,44.8,31.4,23.8,89.3,108.4,15.4,7.0,37.8,2022,13.254072125547617,13,4,44.44444444444444
Luis Garcia,93,377,7,2.9,22.3,20391,22.2,51.3,26.5,5.4,9.5,37.0,38.8,24.2,87.3,113.4,5.5,7.5,36.7,2022,10.40081816244491,10,3,42.857142857142854
Santiago Espinal,135,491,7,7.3,13.8,19997,23.0,42.9,34.0,12.3,5.4,40.0,36.4,23.6,86.1,107.5,14.1,3.4,31.4,2022,10.581632044724042,10,3,42.857142857142854
Josh Harrison,119,425,7,4.9,16.7,8202,17.4,43.8,38.8,8.1,5.7,38.2,37.0,24.8,87.4,106.0,14.7,3.8,32.3,2022,10.393325015837217,10,3,42.857142857142854
Adam Duvall,86,315,12,6.7,32.1,10950,18.6,29.3,52.1,12.2,12.2,49.5,31.9,18.6,88.3,110.1,23.4,12.8,40.4,2022,17.855443942991773,17,5,41.666666666666664
Brendan Donovan,126,468,5,12.8,15.0,24679,23.6,52.8,23.6,2.6,6.6,35.5,34.3,30.2,87.7,107.0,6.0,3.4,37.7,2022,7.131529396568054,7,2,40.0
Geraldo Perdomo,148,500,5,10.0,20.6,22799,21.5,46.7,31.9,16.8,5.0,40.9,35.1,24.0,85.0,104.7,12.1,2.0,24.9,2022,7.1936999805299315,7,2,40.0
Chris Taylor,118,454,10,9.7,35.2,13757,26.4,31.0,42.6,8.7,9.7,44.1,31.0,24.9,87.4,108.5,20.4,10.2,38.0,2022,14.761977482287467,14,4,40.0
Avisail Garcia,98,380,8,4.5,28.7,5760,18.0,55.6,26.4,3.0,12.1,35.6,39.2,25.2,88.7,116.8,2.8,6.4,44.8,2022,11.885256859049681,11,3,37.5
Frank Schwindel,75,292,8,6.5,19.9,15351,18.1,47.0,34.9,14.7,10.7,46.0,31.2,22.8,88.1,109.3,10.2,4.7,35.3,2022,11.599532107762272,11,3,37.5
Luis Arraez,144,603,8,8.3,7.1,18568,25.8,41.2,32.9,3.6,4.8,31.6,37.9,30.6,88.9,107.3,12.9,3.6,30.2,2022,11.07326996025071,11,3,37.5
Eric Hosmer,104,419,8,8.8,15.3,3516,18.0,56.8,25.2,8.8,10.0,39.1,34.7,26.2,88.4,112.9,3.1,5.7,39.7,2022,11.427579079422292,11,3,37.5
Brian Anderson,98,383,8,9.7,26.4,18289,18.5,50.4,31.1,4.1,10.8,39.9,36.1,23.9,88.7,112.0,7.7,9.7,42.0,2022,11.894764645454046,11,3,37.5
Ji-Man Choi,113,419,11,13.8,29.4,5452,23.0,45.1,31.9,6.7,14.7,41.5,34.3,24.2,92.2,111.1,10.6,11.9,47.5,2022,15.397891646534982,15,4,36.36363636363637
Joey Bart,97,291,11,8.9,38.5,21524,21.1,42.9,36.1,17.0,20.8,55.0,22.1,22.8,87.3,114.3,16.3,10.1,43.0,2022,15.328861303341887,15,4,36.36363636363637
Alex Verdugo,152,644,11,6.5,13.4,17027,21.4,45.6,32.9,7.1,6.5,32.2,42.3,25.5,89.1,111.0,8.4,6.0,37.8,2022,15.036607090820112,15,4,36.36363636363637
Amed Rosario,153,670,11,3.7,16.6,15518,20.2,52.5,27.4,11.0,7.6,34.7,37.9,27.4,88.4,115.8,5.0,4.5,38.5,2022,15.9673602682185,15,4,36.36363636363637
Victor Robles,132,407,6,4.2,25.6,18363,20.7,40.2,39.0,12.5,6.3,43.0,31.0,26.0,84.6,109.7,15.8,3.2,23.8,2022,8.439395579302593,8,2,33.333333333333336
Michael A. Taylor,124,456,9,7.7,23.9,11489,17.6,40.9,41.5,11.2,7.2,40.6,33.2,26.1,86.3,109.4,12.1,6.8,32.3,2022,12.52216083588019,12,3,33.333333333333336
Victor Caratini,96,314,9,9.9,21.3,14968,18.4,50.5,31.1,7.8,14.1,36.7,35.7,27.5,89.4,112.8,6.6,6.3,43.5,2022,12.281007217098074,12,3,33.333333333333336
Josh Rojas,125,510,9,10.8,19.2,19734,23.3,41.6,35.2,5.8,7.4,32.7,35.5,31.8,88.8,109.1,11.9,4.5,36.1,2022,12.114672205251667,12,3,33.333333333333336
Elias Diaz,105,381,9,6.6,21.5,11680,16.2,47.8,36.0,13.3,9.2,36.0,36.8,27.2,88.4,111.8,11.1,5.9,39.3,2022,12.888131395117457,12,3,33.333333333333336
Brandon Crawford,118,458,9,8.5,21.4,5343,17.7,46.6,35.7,11.7,8.1,38.0,38.0,24.0,88.1,109.0,12.3,6.7,34.5,2022,12.021375018839933,12,3,33.333333333333336
Kole Calhoun,125,424,12,6.4,32.1,11200,24.3,38.0,37.6,9.4,12.5,47.8,34.1,18.0,90.8,109.9,15.4,9.8,48.2,2022,16.095213036249973,16,4,33.333333333333336
Bobby Dalbec,117,353,12,8.2,33.4,19966,20.2,38.9,40.9,9.6,14.5,36.0,39.4,24.6,90.3,113.9,15.2,11.8,45.3,2022,16.949776209011894,16,4,33.333333333333336
Miguel Rojas,140,507,6,5.1,12.0,7802,20.8,47.0,32.2,9.8,4.5,34.5,34.1,31.4,86.1,109.1,10.1,1.9,26.8,2022,8.506557900938239,8,2,33.333333333333336
Ben Gamel,115,423,9,11.3,23.2,12160,21.9,43.3,34.8,5.3,9.6,39.8,36.9,23.4,88.8,109.2,11.3,6.2,37.2,2022,12.011639647136892,12,3,33.333333333333336
Gary Sanchez,128,471,16,8.5,28.9,11442,14.6,43.8,41.7,10.8,13.3,50.0,28.8,21.2,90.5,115.1,14.0,13.5,49.3,2022,21.472810568679456,21,5,31.25
Rougned Odor,135,472,13,6.8,23.1,12282,19.4,31.5,49.0,16.2,8.4,44.5,35.8,19.6,87.8,109.7,21.5,6.5,33.3,2022,17.338599178915512,17,4,30.76923076923077
Justin Turner,128,532,13,9.4,16.7,5235,24.5,32.0,43.4,6.0,7.7,35.9,34.9,29.2,89.5,108.9,18.4,8.0,40.6,2022,17.33530515804382,17,4,30.76923076923077
Aristides Aquino,80,276,10,6.2,36.6,15482,18.4,38.0,43.7,17.4,14.5,50.6,27.8,21.5,85.6,113.6,17.4,8.2,34.2,2022,13.094340599624296,13,3,30.0
Austin Slater,125,325,7,12.3,27.4,16153,21.6,52.4,25.9,4.2,14.6,34.2,41.6,24.2,89.0,109.4,6.6,10.5,39.5,2022,9.212935200850218,9,2,28.571428571428573
Connor Joe,111,467,7,11.8,20.8,16572,20.8,46.4,32.8,9.9,6.9,36.4,38.0,25.6,85.3,110.1,10.6,4.5,33.8,2022,9.445122870522093,9,2,28.571428571428573
Raimel Tapia,128,433,7,3.7,18.7,14350,19.6,54.7,25.7,9.4,8.2,33.8,36.8,29.3,87.6,111.7,4.0,5.1,37.5,2022,9.92350641814907,9,2,28.571428571428573
Harold Castro,120,443,7,3.8,17.8,14691,25.7,44.4,29.8,2.0,6.9,36.4,31.2,32.4,87.0,107.3,11.4,6.1,33.2,2022,9.083111883334766,9,2,28.571428571428573
Lars Nootbaar,108,347,14,14.7,20.5,21454,17.4,43.8,38.8,11.8,16.5,42.4,36.6,21.0,91.7,113.0,10.7,12.1,46.0,2022,18.503369011571845,18,4,28.571428571428573
Christian Yelich,154,671,14,13.1,24.1,11477,18.4,58.6,23.0,5.3,14.7,34.4,35.3,30.3,91.5,117.2,3.6,8.2,48.1,2022,18.69545774831942,18,4,28.571428571428573
Oscar Gonzalez,91,382,11,3.9,19.6,20970,20.8,50.9,28.4,8.5,13.4,43.9,37.0,19.0,88.6,113.3,5.4,7.3,39.8,2022,14.12070208774182,14,3,27.272727272727273
Joey Votto,91,376,11,11.7,25.8,4314,18.2,44.4,37.3,7.1,13.1,40.0,36.0,24.0,89.7,111.9,14.2,11.1,40.9,2022,14.98784897509668,14,3,27.272727272727273
Ha-seong Kim,150,582,11,8.8,17.2,27506,21.2,39.5,39.3,14.5,6.7,46.5,36.1,17.5,86.7,109.4,16.1,4.2,32.3,2022,14.973577525009274,14,3,27.272727272727273
Josh Donaldson,132,546,15,9.9,27.1,5038,18.2,43.2,38.7,8.5,11.5,46.7,36.3,17.0,90.7,111.7,12.0,9.8,43.2,2022,19.239337588833575,19,4,26.666666666666668
Omar Narvaez,84,296,4,9.8,19.3,13338,19.6,35.8,44.6,8.8,4.4,40.1,32.9,27.1,84.7,106.4,17.7,2.4,18.4,2022,5.934543210975223,5,1,25.0
Jorge Polanco,104,445,16,14.4,21.3,13152,21.8,30.0,48.2,8.9,11.9,48.9,29.9,21.1,89.0,111.0,21.7,10.2,38.4,2022,20.006324250569467,20,4,25.0
Yoan Moncada,104,433,12,7.4,26.3,17232,17.3,39.2,43.5,7.3,9.8,36.5,38.2,25.3,88.7,111.5,15.7,9.8,37.2,2022,15.809394795524344,15,3,25.0
Hunter Dozier,129,500,12,6.8,25.0,15117,20.5,42.4,37.1,12.8,9.6,43.8,33.7,22.5,88.5,110.7,13.1,7.7,38.2,2022,15.773103345307574,15,3,25.0
Jonah Heim,127,450,16,9.1,19.3,16930,17.5,39.1,43.4,14.4,11.5,51.7,32.4,15.9,89.3,112.4,16.9,6.9,39.6,2022,20.01967985049554,20,4,25.0
J.D. Davis,115,365,12,10.7,33.4,16219,21.2,44.9,33.8,10.4,17.9,37.4,37.4,25.3,92.4,112.7,12.3,16.2,55.6,2022,15.059429210962765,15,3,25.0
Jace Peterson,113,328,8,10.1,25.9,12325,23.0,45.1,31.9,4.6,12.3,41.8,36.1,22.1,88.6,108.8,9.7,7.2,36.1,2022,10.460787333092822,10,2,25.0
Sheldon Neuse,89,293,4,6.8,27.3,19635,17.8,63.9,18.3,5.7,11.4,30.9,35.6,33.5,89.1,108.3,1.5,3.1,38.2,2022,5.491995857838726,5,1,25.0
Juan Yepez,76,274,12,5.8,22.3,18400,15.3,37.8,46.9,13.0,13.0,48.5,30.6,20.9,86.5,114.4,17.1,9.2,33.7,2022,15.413985844591252,15,3,25.0
Austin Barnes,62,212,8,12.7,17.5,12158,14.8,42.3,43.0,11.5,13.1,38.6,31.7,29.7,87.4,107.8,13.6,4.8,35.2,2022,10.049630358174584,10,2,25.0
Ozzie Albies,64,269,8,5.9,17.5,16556,18.1,37.7,44.1,8.9,8.9,48.0,34.3,17.6,87.1,106.6,16.9,5.4,26.5,2022,10.438691183855582,10,2,25.0
Jesus Sanchez,98,343,13,7.6,26.8,19913,16.7,46.6,36.7,12.3,16.0,42.8,30.2,27.0,89.5,114.7,11.0,9.9,40.5,2022,16.999181494025304,16,3,23.076923076923077
Tommy Edman,153,630,13,7.3,17.6,19470,19.6,49.5,31.0,11.1,9.0,38.5,38.0,23.5,88.6,112.8,8.7,6.2,37.6,2022,16.023080470844942,16,3,23.076923076923077
Alec Bohm,152,631,13,4.9,17.4,21618,23.5,46.1,30.5,11.5,8.8,33.7,36.4,29.8,90.2,110.8,10.4,6.8,43.0,2022,16.20241760484447,16,3,23.076923076923077
Orlando Arcia,68,234,9,9.0,21.8,13185,16.4,45.9,37.7,3.3,15.0,42.5,36.3,21.3,90.7,107.9,11.7,7.5,42.5,2022,11.382432506782063,11,2,22.22222222222222
Pavin Smith,75,277,9,10.1,24.2,19892,13.8,43.1,43.1,12.8,11.5,38.1,36.5,25.4,87.9,109.2,15.2,9.9,35.9,2022,11.996167945061949,11,2,22.22222222222222
Christian Vazquez,119,426,9,5.2,16.2,9774,22.6,45.2,32.2,11.2,8.4,34.0,38.3,27.7,87.9,109.5,10.7,5.1,36.4,2022,11.51522085732541,11,2,22.22222222222222
Jeff McNeil,148,589,9,6.8,10.4,15362,23.8,41.1,35.0,6.6,5.4,34.2,40.0,25.8,86.9,110.0,12.8,2.7,30.2,2022,11.96340707060161,11,2,22.22222222222222
Franmil Reyes,118,473,14,6.3,33.2,14566,18.0,47.5,34.5,7.1,14.3,42.6,29.9,27.5,92.0,112.4,9.9,11.3,45.8,2022,17.997597428017556,17,3,21.428571428571427
A.J. Pollock,138,527,14,6.1,18.6,9256,19.0,45.2,35.8,17.7,9.9,43.8,32.9,23.3,88.8,110.8,11.8,9.4,42.0,2022,17.390473770328168,17,3,21.428571428571427
Nolan Gorman,89,313,14,8.9,32.9,22263,25.0,26.7,48.3,6.9,16.1,41.1,36.1,22.8,89.2,110.6,20.0,14.4,43.3,2022,17.165677948943014,17,3,21.428571428571427
Jose Abreu,157,679,15,9.1,16.2,15676,20.4,47.9,31.7,5.7,9.6,38.0,36.2,25.9,92.2,113.0,8.0,9.5,51.7,2022,18.97986216221554,18,3,20.0
Abraham Toro,109,352,10,6.3,18.5,19844,14.4,39.5,46.0,9.9,8.3,46.0,34.6,19.4,87.0,108.2,16.7,6.8,29.7,2022,12.859470420019699,12,2,20.0
Bryson Stott,127,466,10,7.7,19.1,26294,17.6,46.4,36.0,18.2,8.3,35.9,32.4,31.8,88.1,108.4,13.1,4.4,36.2,2022,12.358136704692216,12,2,20.0
Sam Haggerty,83,201,5,9.0,26.4,18054,23.3,45.0,31.7,13.2,13.2,40.5,34.1,25.4,86.0,109.0,13.6,4.0,24.6,2022,6.273123345607416,6,1,20.0
Cedric Mullins II,156,672,16,7.0,18.8,17929,17.7,38.7,43.6,13.5,7.7,43.9,32.6,23.6,88.8,109.4,17.4,4.9,36.7,2022,19.267695343946297,19,3,18.75
Diego Castillo,96,283,11,4.9,26.5,19906,19.9,39.8,40.3,5.2,14.3,42.9,35.6,21.5,89.1,109.6,14.6,9.9,38.2,2022,13.70216672854408,13,2,18.181818181818183
Jose Trevino,115,353,11,4.2,17.6,16725,18.7,39.9,41.4,13.3,9.7,38.3,37.6,24.1,87.9,109.4,13.0,5.1,35.0,2022,13.329490510457209,13,2,18.181818181818183
Jonathan Schoop,131,510,11,3.7,21.0,11265,19.0,46.0,34.9,13.6,8.3,39.9,39.7,20.4,87.0,111.6,9.7,4.8,38.6,2022,13.902196647606983,13,2,18.181818181818183
Mike Yastrzemski,148,558,17,10.9,25.3,14854,19.4,34.4,46.2,9.4,10.6,44.7,32.2,23.1,89.9,109.7,19.9,11.1,42.5,2022,20.153294997655053,20,3,17.647058823529413
Sergio Alcantara,93,224,6,5.4,25.4,16417,19.9,43.0,37.1,3.6,10.7,40.9,29.2,29.9,86.6,104.1,13.5,1.9,31.2,2022,7.0152131115658065,7,1,16.666666666666668
Tim Anderson,79,351,6,4.0,15.7,15172,24.2,54.9,20.9,1.7,10.3,35.7,33.9,30.3,88.2,108.7,3.3,5.8,41.2,2022,7.690040805888006,7,1,16.666666666666668
Aledmys Diaz,92,327,12,5.5,16.2,15937,22.5,40.3,37.2,16.0,12.8,48.8,32.3,18.9,86.6,112.0,12.4,6.3,36.6,2022,14.659227930091152,14,2,16.666666666666668
Emmanuel Rivera,102,359,12,6.4,23.1,19890,16.1,48.8,35.1,6.9,13.8,42.3,31.9,25.8,90.4,110.9,9.8,9.3,38.3,2022,14.61265512626607,14,2,16.666666666666668
Steven Kwan,147,638,6,9.7,9.4,24610,22.6,42.4,35.0,9.0,3.4,30.8,35.4,33.8,85.1,107.1,11.8,1.4,20.8,2022,7.211787891194846,7,1,16.666666666666668
Brian Serven,62,205,6,6.3,21.5,19422,20.3,44.8,35.0,16.0,12.0,45.2,32.9,21.9,84.5,105.8,12.5,2.7,28.8,2022,7.437321738511684,7,1,16.666666666666668
Adley Rutschman,113,470,13,13.8,18.3,26288,23.2,38.4,38.4,8.3,10.7,43.8,35.9,20.3,87.9,110.9,15.6,7.9,36.8,2022,15.475185194372141,15,2,15.384615384615385
Ramon Laureano,94,383,13,6.5,27.2,17128,17.8,43.0,39.3,10.5,13.7,43.8,30.2,26.0,88.7,110.2,14.9,11.6,38.4,2022,15.15551273453269,15,2,15.384615384615385
Bryan De La Cruz,115,355,13,5.4,25.4,19600,27.6,41.6,30.9,4.0,17.3,40.3,36.6,23.0,90.8,111.2,9.8,11.9,47.1,2022,15.157346232247697,15,2,15.384615384615385
Bobby Witt Jr.,150,632,20,4.7,21.4,25764,17.4,36.2,46.4,9.8,9.3,35.8,38.6,25.6,89.7,113.7,16.8,8.7,38.6,2022,23.252258742487847,23,3,15.0
Evan Longoria,89,298,14,9.1,27.9,9368,22.0,36.6,41.4,10.4,18.2,47.8,29.0,23.1,91.1,109.6,18.2,12.4,46.8,2022,16.36017383598042,16,2,14.285714285714286
Keston Hiura,80,266,14,8.6,41.7,20003,25.0,37.1,37.9,4.3,29.8,41.9,33.9,24.2,91.7,111.0,16.1,15.3,45.2,2022,16.04380738750864,16,2,14.285714285714286
Tyler O'Neill,96,383,14,9.9,26.9,15711,20.2,42.0,37.8,11.1,15.6,46.6,31.5,21.8,89.8,110.3,13.6,11.3,43.3,2022,16.152918348727898,16,2,14.285714285714286
Jazz Chisholm Jr.,60,241,14,8.7,27.4,20454,21.8,37.4,40.8,8.3,23.3,50.0,31.3,18.7,90.2,109.6,15.1,16.6,45.7,2022,16.100079080897892,16,2,14.285714285714286
Austin Hedges,105,338,7,7.4,23.1,12976,18.0,38.2,43.8,20.0,7.4,45.4,33.2,21.4,84.2,107.1,16.7,3.1,22.3,2022,8.234581113649762,8,1,14.285714285714286
Kevin Kiermaier,63,221,7,6.3,27.6,11038,20.0,52.4,27.6,5.0,17.5,33.1,33.8,33.1,87.9,109.9,5.3,6.9,38.6,2022,8.364636761945178,8,1,14.285714285714286
Jared Walsh,118,454,15,5.9,30.4,18607,18.1,45.4,36.5,11.7,14.6,42.1,35.4,22.5,90.1,112.1,10.7,9.5,42.5,2022,17.160000596575387,17,2,13.333333333333334
Danny Jansen,72,248,15,10.1,17.7,16535,15.9,33.5,50.6,22.5,16.9,52.3,31.3,16.5,90.4,109.3,22.2,13.1,46.6,2022,17.91054725841518,17,2,13.333333333333334
Dylan Carlson,128,488,8,9.2,19.3,20126,20.7,42.3,37.0,6.4,6.4,36.8,37.1,26.0,86.1,109.2,12.9,4.4,27.2,2022,9.652804071434511,9,1,12.5
Taylor Walls,142,466,8,11.2,25.8,22458,20.9,37.3,41.8,5.8,6.7,37.5,33.0,29.6,86.3,105.7,16.6,6.2,28.1,2022,9.9759074724371,9,1,12.5
Willi Castro,112,392,8,3.8,20.9,17338,22.5,41.9,35.6,10.9,7.9,35.2,36.9,27.9,84.8,111.7,13.7,3.5,31.0,2022,9.618970463192362,9,1,12.5
J.D. Martinez,139,596,16,8.7,24.3,6184,22.1,38.2,39.7,5.8,10.3,33.8,36.9,29.3,89.1,111.6,14.1,12.4,41.4,2022,18.230717250235248,18,2,12.5
Trevor Story,94,396,16,8.1,30.8,12564,19.2,35.6,45.2,14.8,14.8,42.3,32.6,25.1,88.9,113.4,17.8,11.3,40.6,2022,18.702017204100674,18,2,12.5
Alek Thomas,113,411,8,5.4,18.0,23792,17.0,58.0,25.0,9.0,10.3,35.9,35.3,28.8,87.4,111.3,2.6,3.8,34.6,2022,9.164131884900142,9,1,12.5
Ian Happ,158,641,17,9.0,23.2,17919,20.1,46.4,33.5,7.0,11.9,42.5,32.7,24.8,89.7,113.9,10.9,6.5,40.2,2022,19.210612911757593,19,2,11.764705882352942
Max Stassi,102,375,9,10.1,29.9,10059,9.9,52.3,37.8,13.1,10.7,37.2,39.0,23.8,88.6,107.5,9.5,9.4,38.6,2022,10.71589454005584,10,1,11.11111111111111
Sean Murphy,148,612,18,9.2,20.3,19352,20.3,42.1,37.6,10.2,11.5,41.6,35.6,22.7,88.7,114.0,11.5,10.5,41.1,2022,20.308732548102146,20,2,11.11111111111111
Trey Mancini,143,587,18,9.0,23.0,15149,21.1,39.8,39.1,9.2,11.8,45.0,32.1,22.9,89.5,111.8,12.7,9.5,40.1,2022,20.010308213656465,20,2,11.11111111111111
Bryce Harper,99,426,18,10.8,20.4,11579,24.0,41.5,34.5,4.0,18.2,40.3,34.8,24.8,92.1,114.3,11.8,12.8,47.9,2022,20.76052249711134,20,2,11.11111111111111
Carlos Santana,131,506,19,14.0,17.4,2396,16.9,39.2,43.9,15.2,12.6,48.4,33.3,18.3,90.7,111.3,15.4,9.3,44.9,2022,21.117973360365976,21,2,10.526315789473685
Nico Hoerner,135,517,10,5.4,11.0,21479,20.7,46.1,33.2,8.5,7.1,36.4,33.8,29.8,87.2,109.7,10.7,2.6,32.9,2022,11.698525427145478,11,1,10.0
Jonathan India,103,431,10,7.2,21.8,21523,22.7,41.2,36.1,13.3,9.5,45.9,33.2,20.9,85.1,111.3,14.5,4.8,28.8,2022,11.228018874093864,11,1,10.0
Max Muncy,136,565,21,15.9,25.0,13301,19.0,31.5,49.5,7.4,13.0,49.2,31.3,19.5,90.3,111.2,20.9,13.4,44.7,2022,23.44639841039302,23,2,9.523809523809524
Whit Merrifield,139,550,11,6.9,15.5,11281,19.7,40.9,39.4,11.4,6.6,36.1,35.1,28.8,87.1,107.6,15.1,4.2,30.9,2022,12.577502937411912,12,1,9.090909090909092
Jordan Luplow,83,234,11,10.7,25.6,16424,14.4,41.1,44.5,15.4,16.9,52.7,26.7,20.5,87.2,108.8,17.7,7.5,32.9,2022,12.31916306181549,12,1,9.090909090909092
Rodolfo Castro,71,278,11,7.9,26.6,21987,18.6,48.0,33.3,15.3,18.6,45.0,30.0,25.0,87.3,111.6,11.7,6.7,35.0,2022,12.184413188522441,12,1,9.090909090909092
Gio Urshela,144,551,13,7.4,17.4,10681,22.8,42.5,34.7,7.0,9.1,35.9,37.6,26.5,88.9,110.3,11.8,7.0,37.6,2022,14.949576140359119,14,1,7.6923076923076925
Jorge Mateo,150,533,13,5.1,27.6,17273,20.3,38.3,41.4,11.2,9.1,36.6,35.5,27.8,86.8,111.3,14.8,5.9,32.5,2022,14.32418670882409,14,1,7.6923076923076925
Nick Castellanos,136,558,13,5.2,23.3,11737,19.9,41.9,38.1,10.6,8.6,37.4,31.3,31.3,87.5,110.1,14.6,6.6,34.6,2022,14.501284124668972,14,1,7.6923076923076925
Joey Meneses,56,240,13,6.3,21.7,14366,25.6,44.8,29.7,3.9,25.5,39.5,33.7,26.7,91.4,110.9,9.5,9.9,47.1,2022,14.408655471379307,14,1,7.6923076923076925
Jeimer Candelario,124,467,13,6.0,23.3,13621,18.8,41.7,39.5,10.2,10.2,39.5,35.2,25.3,87.2,111.3,13.5,8.3,34.0,2022,14.414481314911546,14,1,7.6923076923076925
Jesse Winker,136,547,14,15.4,18.8,13590,20.6,38.9,40.6,17.4,9.7,38.5,35.7,25.8,87.7,110.0,16.8,7.6,34.3,2022,15.55875284367509,15,1,7.142857142857143
Seiya Suzuki,111,446,14,9.4,24.7,30116,20.0,40.0,40.0,8.6,12.1,31.4,36.6,32.1,89.6,111.3,11.2,11.0,40.3,2022,15.831651560273118,15,1,7.142857142857143
Jose Miranda,125,483,15,5.8,18.8,20538,20.3,42.1,37.6,13.5,11.3,46.0,31.4,22.6,89.3,109.4,13.8,6.2,42.1,2022,16.634872936275148,16,1,6.666666666666667
Xander Bogaerts,150,631,15,9.0,18.7,12161,21.7,46.4,31.8,11.3,10.6,39.9,34.5,25.6,88.1,113.0,10.2,6.5,39.5,2022,16.769246944648483,16,1,6.666666666666667
Giancarlo Stanton,110,452,31,11.1,30.3,4949,14.8,46.6,38.6,9.8,30.4,35.6,38.3,26.1,95.0,119.8,10.8,19.2,52.1,2022,33.42679063861484,33,2,6.451612903225806
Christopher Morel,113,425,16,8.9,32.2,21897,17.5,50.0,32.5,12.8,20.5,45.7,37.2,17.0,89.6,112.9,9.1,13.4,39.7,2022,17.60211598624117,17,1,6.25
Andrew McCutchen,134,580,17,9.8,21.4,9847,20.8,41.8,37.5,11.5,11.5,43.8,37.5,18.7,89.1,110.6,13.2,8.6,40.0,2022,18.109681738551107,18,1,5.882352941176471
Tommy Pham,144,622,17,9.0,26.8,2967,18.4,48.0,33.7,7.6,12.9,37.5,37.5,25.0,92.2,112.6,7.7,7.9,48.2,2022,18.853750559469642,18,1,5.882352941176471
MJ Melendez,129,534,18,12.4,24.5,22197,20.2,39.0,40.8,8.0,13.1,44.9,32.4,22.6,90.7,110.8,15.1,10.4,43.5,2022,19.53017612546947,19,1,5.555555555555555
Joey Gallo,126,410,19,13.7,39.8,14128,19.4,28.0,52.7,13.3,19.4,54.8,27.7,17.6,89.6,113.0,23.8,17.6,50.5,2022,20.959516510389143,20,1,5.2631578947368425
Eduardo Escobar,136,542,20,7.4,23.8,6153,22.8,29.8,47.3,7.4,11.4,43.0,35.5,21.5,88.3,111.5,20.6,9.4,37.4,2022,20.75217623798174,20,0,0.0
Jake Cronenworth,158,684,17,10.2,19.2,18036,16.9,35.4,47.7,6.4,7.7,33.6,36.6,29.7,87.6,108.6,18.1,5.6,33.8,2022,17.345522740341792,17,0,0.0
Brendan Rodgers,137,581,13,7.9,17.4,17907,21.1,52.2,26.7,2.6,11.3,30.9,37.8,31.3,90.0,112.2,4.6,7.2,45.9,2022,13.506259108362984,13,0,0.0
Wilmer Flores,151,602,19,9.8,17.1,5827,19.1,34.3,46.6,12.0,9.5,48.6,29.2,22.2,87.8,108.3,20.7,6.3,35.2,2022,19.22449085773161,19,0,0.0
Yadiel Hernandez,94,327,9,5.8,22.6,19334,21.5,51.1,27.5,1.6,14.1,33.0,41.2,25.8,88.8,108.0,3.5,8.6,42.1,2022,9.020854141781978,9,0,0.0
Randy Arozarena,153,645,20,7.1,24.2,19290,16.4,50.7,32.9,19.0,14.1,39.6,38.0,22.5,89.9,114.1,8.9,7.9,40.7,2022,20.90932589764737,20,0,0.0
Jake McCarthy,99,354,8,6.5,21.5,21622,22.3,49.2,28.6,8.8,11.8,37.3,37.3,25.3,87.4,108.3,8.0,4.8,33.3,2022,8.961420794304047,8,0,0.0
Jean Segura,98,387,10,6.5,15.0,5933,16.5,56.6,26.9,13.8,12.5,31.3,38.7,30.0,87.6,111.0,4.3,4.4,38.4,2022,10.33730356401806,10,0,0.0
Yan Gomes,86,293,8,2.7,16.0,9627,21.8,45.3,32.9,11.7,10.4,43.8,34.9,21.3,85.3,107.5,9.4,3.4,28.9,2022,8.634656459745043,8,0,0.0
Austin Hays,145,582,16,5.8,19.6,19363,19.2,43.1,37.7,17.0,10.1,43.4,33.5,23.1,87.7,109.0,11.3,5.2,37.7,2022,16.238693559425645,16,0,0.0
Andrew Velazquez,125,349,9,4.3,34.1,14196,19.5,46.7,33.8,4.5,13.6,33.5,41.0,25.5,88.0,109.1,8.2,6.6,33.5,2022,9.411988678113783,9,0,0.0
Andrew Vaughn,134,555,17,5.6,17.3,26197,18.1,47.7,34.1,9.8,11.9,35.3,37.2,27.4,90.8,112.1,7.5,7.9,48.4,2022,17.313256254995256,17,0,0.0
Mark Canha,140,542,13,8.9,17.9,11445,20.1,45.3,34.7,13.3,10.2,41.7,29.5,28.7,87.7,108.0,10.9,4.9,36.3,2022,13.57697720496248,13,0,0.0
Luis Urias,119,472,16,10.6,21.0,16622,20.2,36.5,43.3,9.6,11.9,46.8,31.1,22.1,87.3,109.7,18.0,8.3,34.9,2022,16.281068482073884,16,0,0.0
Eloy Jimenez,84,327,16,8.6,22.0,17484,16.5,50.4,33.0,4.1,21.6,37.5,40.2,22.3,92.8,113.4,7.4,14.7,54.9,2022,16.11254382421589,16,0,0.0
Eric Haase,110,351,14,6.8,27.6,14111,19.7,39.3,41.0,12.8,14.9,45.0,29.7,25.3,87.7,109.9,17.0,8.7,42.4,2022,14.546674431156857,14,0,0.0
Alejandro Kirk,139,541,14,11.6,10.7,22581,19.2,50.0,30.8,9.4,10.9,35.3,35.1,29.6,90.5,110.1,8.1,6.7,45.0,2022,14.65341024896114,14,0,0.0
Gavin Sheets,124,410,15,6.6,21.0,19901,15.0,40.3,44.7,12.2,11.5,38.4,36.7,24.8,88.6,109.7,14.8,6.5,36.1,2022,15.196450647082717,15,0,0.0
Jurickson Profar,152,658,15,11.1,15.7,10815,21.7,43.9,34.4,10.4,9.2,43.9,31.4,24.7,87.5,109.4,12.9,4.0,34.3,2022,15.189094651041378,15,0,0.0
Freddie Freeman,159,708,21,11.9,14.4,5361,27.5,38.7,33.8,3.4,12.0,36.4,33.7,30.0,91.3,112.3,13.6,10.1,48.0,2022,21.201726542150727,21,0,0.0
Carlos Correa,136,590,22,10.3,20.5,14162,19.8,42.7,37.5,8.6,14.5,41.0,38.5,20.5,89.9,114.6,11.6,11.4,44.7,2022,22.009280051143516,22,0,0.0
Ryan McMahon,153,597,20,10.1,26.5,15112,22.7,44.6,32.7,2.5,16.5,36.9,34.0,29.1,91.7,113.7,10.8,10.4,46.3,2022,20.21670028679799,20,0,0.0
Albert Almora Jr.,64,235,5,7.2,19.6,14109,22.5,50.3,27.2,13.0,10.9,46.2,34.5,19.3,84.0,108.6,6.7,1.8,25.1,2022,5.627806877079994,5,0,0.0
Nick Allen,100,326,4,5.8,19.6,22277,16.9,51.5,31.6,16.4,5.5,31.8,31.8,36.4,83.9,104.6,7.6,1.2,22.3,2022,4.23510251164159,4,0,0.0
Brandon Marsh,134,461,11,6.1,34.3,20202,24.5,42.6,32.8,1.1,12.6,34.9,38.6,26.5,89.2,109.0,10.9,7.4,38.2,2022,11.671443146508272,11,0,0.0
Jesus Aguilar,129,507,16,5.5,23.5,11342,24.0,30.9,45.1,12.7,10.1,37.1,38.0,24.9,87.8,108.1,18.9,6.7,35.4,2022,16.165225115518304,16,0,0.0
Shohei Ohtani,157,666,34,10.8,24.2,19755,19.8,42.1,38.1,4.3,21.0,37.1,35.0,27.8,92.9,119.1,12.1,16.8,49.8,2022,33.33111038475595,33,-1,-2.9411764705882355
Vladimir Guerrero Jr.,160,706,32,8.2,16.4,19611,17.3,52.1,30.6,11.2,19.9,39.5,37.6,22.8,92.8,118.4,4.3,11.2,50.4,2022,31.183162988633285,31,-1,-3.125
Cal Raleigh,119,415,27,9.2,29.4,21534,15.8,28.5,55.7,9.2,19.1,47.8,30.0,22.1,90.9,114.0,22.5,15.4,43.5,2022,26.017907083494105,26,-1,-3.7037037037037037
Matt Chapman,155,621,27,11.0,27.4,16505,17.4,34.0,48.5,16.6,14.9,47.7,34.6,17.7,92.2,112.7,19.0,12.9,50.7,2022,26.50980015118776,26,-1,-3.7037037037037037
Patrick Wisdom,134,534,25,9.9,34.3,13602,17.1,34.1,48.8,15.7,17.9,51.2,29.4,19.4,90.7,112.6,21.0,14.2,46.0,2022,24.354694292220884,24,-1,-4.0
Alex Bregman,155,656,23,13.3,11.7,17678,18.9,33.3,47.8,12.2,10.0,48.2,32.8,18.9,88.9,109.2,19.5,7.3,37.6,2022,22.570623754053855,22,-1,-4.3478260869565215
Taylor Ward,135,564,23,10.6,21.3,17548,21.8,35.0,43.2,7.9,14.0,40.3,35.8,23.9,89.9,112.6,15.8,12.1,42.4,2022,22.323316205667098,22,-1,-4.3478260869565215
Marcell Ozuna,124,507,23,6.1,24.1,10324,18.8,37.8,43.5,11.8,15.0,44.6,34.4,21.0,89.4,113.9,16.5,13.1,43.8,2022,22.685952852577017,22,-1,-4.3478260869565215
Salvador Perez,114,473,23,3.8,23.0,7304,18.0,36.0,46.0,6.4,14.7,45.4,32.7,21.8,91.4,112.5,17.8,11.2,49.0,2022,22.726688158338412,22,-1,-4.3478260869565215
Luke Voit,135,568,22,9.7,31.5,14811,25.7,33.9,40.4,4.5,16.7,48.9,31.5,19.6,89.8,111.3,18.4,14.7,44.3,2022,21.56841024371986,21,-1,-4.545454545454546
Ryan Mountcastle,145,609,22,7.1,25.3,18373,22.1,37.3,40.7,5.4,13.3,33.8,36.8,29.4,91.3,112.0,15.9,15.0,45.8,2022,21.974484145117273,21,-1,-4.545454545454546
Willson Contreras,113,487,22,9.2,21.1,11609,15.6,51.4,33.0,13.5,21.2,44.4,31.7,23.8,90.4,116.2,8.5,10.5,47.9,2022,21.797255960930276,21,-1,-4.545454545454546
Trea Turner,160,708,21,6.4,18.5,16252,21.4,42.9,35.7,6.4,11.2,45.4,32.8,21.8,88.9,112.5,10.2,7.6,41.4,2022,20.90649661761335,20,-1,-4.761904761904762
William Contreras,97,376,20,10.4,27.7,20503,15.1,53.0,31.9,9.5,27.0,41.8,36.2,22.0,90.4,115.2,6.1,13.4,46.6,2022,19.06515070031461,19,-1,-5.0
Cody Bellinger,144,550,19,6.9,27.3,15998,17.2,35.6,47.2,14.1,11.2,47.2,33.3,19.4,89.4,107.3,20.3,8.3,38.1,2022,18.59903558034888,18,-1,-5.2631578947368425
Travis d'Arnaud,107,426,18,4.5,21.1,7739,18.6,45.1,36.3,10.8,16.2,44.8,30.4,24.8,88.5,112.3,11.8,8.5,38.6,2022,17.04113679491794,17,-1,-5.555555555555555
Trent Grisham,152,524,17,10.9,28.6,18564,13.5,43.3,43.3,10.4,13.6,46.8,28.4,24.8,88.3,111.1,15.1,8.1,35.5,2022,16.940168453791973,16,-1,-5.882352941176471
Javier Baez,144,590,17,4.4,24.9,12979,16.5,49.9,33.6,10.9,12.3,43.6,31.6,24.8,87.9,112.1,9.6,8.0,38.0,2022,16.49632296988045,16,-1,-5.882352941176471
Matt Olson,162,699,34,10.7,24.3,14344,18.7,39.0,42.3,13.7,17.9,40.4,37.3,22.2,92.9,116.8,16.1,13.6,50.9,2022,32.123273093671436,32,-2,-5.882352941176471
Josh Bell,156,647,17,12.5,15.8,13145,18.6,50.4,30.9,9.9,12.1,38.4,36.0,25.7,88.9,112.2,8.3,7.2,40.5,2022,16.776687722342754,16,-1,-5.882352941176471
Ramon Urias,118,445,16,6.7,22.0,18795,18.1,47.2,34.6,14.0,15.0,41.7,33.7,24.7,89.4,110.0,11.0,9.6,46.5,2022,15.334075831077152,15,-1,-6.25
Brandon Nimmo,151,673,16,10.5,17.2,12927,17.7,50.5,31.7,6.8,10.9,32.1,38.5,29.4,89.4,111.9,6.1,7.0,39.8,2022,15.988083871936581,15,-1,-6.25
Martin Maldonado,113,379,15,5.8,30.6,6887,17.0,42.4,40.6,7.5,16.1,44.4,31.2,24.4,88.4,109.2,14.7,8.1,40.2,2022,14.112849122225612,14,-1,-6.666666666666667
Kolten Wong,134,497,15,9.3,17.7,12532,21.3,41.8,36.8,15.1,11.9,45.3,29.2,25.5,87.0,109.7,14.0,5.4,35.2,2022,14.902830434069209,14,-1,-6.666666666666667
Byron Buxton,92,382,28,8.9,30.4,14161,18.2,30.7,51.1,12.2,24.3,58.2,24.9,16.9,92.9,113.5,21.4,16.4,50.2,2022,26.675466255435495,26,-2,-7.142857142857143
Julio Rodriguez,132,560,28,7.1,25.9,23697,18.3,46.0,35.7,10.7,21.4,41.7,35.1,23.2,92.0,117.2,10.1,13.1,50.7,2022,26.67499997782372,26,-2,-7.142857142857143
Michael Chavis,129,426,14,4.5,29.6,17321,16.5,44.6,38.8,15.7,13.0,42.7,37.3,20.1,85.4,111.3,11.1,7.5,38.4,2022,13.237799051102789,13,-1,-7.142857142857143
Adolis Garcia,156,657,27,6.1,27.9,19287,19.4,40.7,39.8,12.9,15.9,42.3,36.2,21.5,92.1,113.0,13.1,12.9,47.4,2022,25.68727658843916,25,-2,-7.407407407407407
DJ LeMahieu,125,541,12,12.4,13.1,9874,18.4,53.3,28.3,4.5,10.7,25.8,38.3,35.8,89.2,110.9,3.0,5.3,40.6,2022,11.47032669443069,11,-1,-8.333333333333334
Chad Pinder,111,379,12,3.7,31.1,15191,20.0,49.4,30.6,8.0,16.0,41.5,34.6,24.0,87.5,109.8,9.7,6.5,40.5,2022,11.485909463573407,11,-1,-8.333333333333334
Joc Pederson,134,433,23,9.7,23.1,11899,18.9,36.1,45.0,3.2,18.3,37.7,37.0,25.4,93.1,112.8,14.8,15.1,51.8,2022,21.86187729345497,21,-2,-8.695652173913043
Josh Naylor,122,498,20,7.6,16.1,18839,17.4,48.9,33.7,10.3,15.9,45.2,34.2,20.6,89.4,113.0,10.3,8.6,42.5,2022,18.820013517089965,18,-2,-10.0
Jose Ramirez,157,685,29,10.1,12.0,13510,17.0,32.4,50.6,13.9,10.9,46.6,32.6,20.8,87.7,114.2,20.7,6.6,36.6,2022,26.096842213400446,26,-3,-10.344827586206897
Daniel Vogelbach,130,461,18,15.8,24.7,14130,21.2,37.7,41.0,4.5,16.1,40.3,35.9,23.8,89.4,110.9,15.8,10.6,39.9,2022,16.901141050155257,16,-2,-11.11111111111111
Rafael Devers,141,614,27,8.1,18.6,17350,20.3,42.2,37.5,11.4,16.3,34.0,39.4,26.6,93.1,113.7,11.3,11.5,50.9,2022,24.441519985013567,24,-3,-11.11111111111111
Tyrone Taylor,120,405,17,5.4,25.2,13675,17.9,38.1,44.0,9.2,14.2,40.9,38.0,21.2,88.0,109.3,16.9,9.9,37.6,2022,15.595777299205347,15,-2,-11.764705882352942
Elvis Andrus,149,577,17,6.8,15.9,8709,17.3,46.5,36.2,13.2,10.7,40.6,35.4,23.9,87.9,109.9,11.9,4.5,34.5,2022,15.31660576077013,15,-2,-11.764705882352942
Andres Gimenez,146,557,17,6.1,20.1,19950,21.1,46.2,32.7,12.4,14.0,40.9,35.8,23.3,87.8,109.9,11.7,6.2,37.6,2022,15.256405494330936,15,-2,-11.764705882352942
Seth Brown,150,555,25,9.2,26.3,18171,20.1,35.9,44.1,10.9,16.0,42.3,34.4,23.4,89.2,112.9,15.8,13.0,40.8,2022,22.30112595674291,22,-3,-12.0
Teoscar Hernandez,131,535,25,6.4,28.4,13066,21.6,44.1,34.3,5.9,21.0,42.1,32.6,25.4,92.6,114.1,11.6,15.0,52.7,2022,22.730515266458063,22,-3,-12.0
Albert Pujols,109,351,24,8.0,15.7,1177,16.7,38.0,45.3,13.7,20.5,53.5,29.1,17.4,91.2,111.7,16.4,12.0,47.3,2022,21.970315055128342,21,-3,-12.5
Gleyber Torres,140,572,24,6.8,22.6,16997,18.5,35.6,45.9,8.7,13.1,36.7,33.9,29.4,90.4,111.3,17.5,10.7,44.9,2022,21.64494535072372,21,-3,-12.5
Kyle Farmer,145,583,14,5.7,17.0,14813,23.6,44.8,31.6,10.9,10.2,43.7,31.7,24.6,85.5,106.6,12.7,4.4,33.6,2022,12.383057668457457,12,-2,-14.285714285714286
Chas McCormick,119,407,14,11.3,26.0,19599,21.8,43.1,35.1,4.6,16.1,34.3,35.8,29.9,88.1,109.9,12.8,10.2,39.0,2022,12.623122104384207,12,-2,-14.285714285714286
Marcus Semien,161,724,26,7.3,16.6,12533,19.0,33.8,47.2,8.5,10.1,46.3,31.3,22.5,87.3,110.1,19.9,6.8,34.9,2022,22.377558512729898,22,-4,-15.384615384615385
Jack Suwinski,106,372,19,11.0,30.6,22244,15.5,42.3,42.3,11.1,21.1,46.9,31.0,22.1,88.3,112.4,14.3,12.2,39.9,2022,16.874244135784313,16,-3,-15.789473684210526
Randal Grichuk,141,538,19,4.5,23.6,10243,12.9,50.9,36.2,8.0,13.8,37.3,36.2,26.5,90.0,111.6,8.7,6.8,43.6,2022,16.637852275175096,16,-3,-15.789473684210526
George Springer,133,583,25,9.3,17.2,12856,17.9,44.5,37.6,11.5,15.9,48.3,28.5,23.2,88.7,113.6,13.9,8.3,41.9,2022,21.548012613352505,21,-4,-16.0
Yordan Alvarez,135,561,37,13.9,18.9,19556,21.6,39.1,39.4,2.1,25.3,39.4,39.6,21.0,95.2,117.4,12.3,21.0,59.8,2022,31.07190615580225,31,-6,-16.216216216216218
Nolan Arenado,148,620,30,8.4,11.6,9777,20.4,29.7,49.9,16.8,12.3,47.9,32.5,19.6,88.7,111.4,21.7,8.2,38.9,2022,25.884310416289363,25,-5,-16.666666666666668
Will Smith,137,578,24,9.7,16.6,19197,21.2,31.7,47.1,5.6,12.2,37.7,37.0,25.2,89.9,109.0,18.4,10.3,43.0,2022,20.85617761101425,20,-4,-16.666666666666668
P.J. Higgins,74,229,6,9.6,25.3,18433,24.1,42.6,33.3,4.3,12.8,38.1,32.0,29.9,86.0,104.3,8.7,3.4,25.2,2022,5.33791183467654,5,-1,-16.666666666666668
Rowdy Tellez,153,599,35,10.4,20.2,15679,15.6,38.9,45.5,12.3,18.7,41.4,39.7,19.0,91.1,116.9,15.3,12.9,45.7,2022,29.825779058564763,29,-6,-17.142857142857142
Lane Thomas,146,548,17,7.5,24.1,16939,17.3,45.0,37.7,18.6,12.1,43.4,34.5,22.1,86.4,110.1,12.5,6.5,34.0,2022,14.915466819823873,14,-3,-17.647058823529413
J.T. Realmuto,139,562,22,7.3,21.2,11739,19.7,44.4,35.9,8.6,15.7,39.2,33.6,27.2,90.3,110.4,13.1,11.3,46.7,2022,18.311290010461597,18,-4,-18.181818181818183
Anthony Santander,152,647,33,8.5,18.9,14551,18.9,31.4,49.8,18.9,14.5,44.0,35.9,20.1,90.1,112.0,21.4,11.6,43.3,2022,27.393815287432247,27,-6,-18.181818181818183
Austin Riley,159,693,38,8.2,24.2,18360,23.5,37.9,38.6,9.2,21.8,41.5,34.4,24.2,92.5,115.9,12.9,15.7,50.8,2022,31.702651910616787,31,-7,-18.42105263157895
Juan Soto,153,664,27,20.3,14.5,20123,16.2,47.1,36.8,10.8,17.2,38.1,38.1,23.8,91.0,113.2,9.1,12.4,47.3,2022,22.472498427211953,22,-5,-18.51851851851852
Charlie Blackmon,135,577,16,5.5,18.9,7859,22.7,43.4,33.9,10.5,11.2,40.7,36.9,22.4,86.2,109.5,12.4,4.4,30.6,2022,13.050756996425187,13,-3,-18.75
Starling Marte,118,505,16,5.1,19.2,9241,22.1,49.0,28.9,5.7,15.1,42.5,33.6,23.8,86.8,113.3,7.5,6.8,33.9,2022,13.832667606125,13,-3,-18.75
Francisco Lindor,161,706,26,8.4,18.8,12916,17.9,43.1,39.0,13.8,13.3,43.3,32.7,24.0,89.3,110.7,13.8,8.3,41.1,2022,21.716011843878885,21,-5,-19.23076923076923
Kyle Tucker,150,609,30,9.7,15.6,18345,18.9,34.1,47.0,8.1,14.2,39.9,37.5,22.6,90.0,111.3,19.0,10.1,41.9,2022,24.002105065576444,24,-6,-20.0
Isaac Paredes,111,381,20,11.5,17.6,20036,12.4,42.1,45.5,14.9,16.5,51.9,27.8,20.3,87.4,110.4,15.9,6.4,37.6,2022,16.50967404828354,16,-4,-20.0
Dansby Swanson,162,696,25,7.0,26.1,18314,21.2,38.7,40.0,6.5,13.5,39.8,35.1,25.1,90.2,109.6,15.7,10.8,46.1,2022,20.51747949605373,20,-5,-20.0
Rhys Hoskins,156,672,30,10.7,25.1,16472,22.6,35.6,41.7,11.9,16.9,45.5,31.8,22.6,90.1,112.2,18.1,11.1,44.2,2022,24.877408759497875,24,-6,-20.0
Hunter Renfroe,125,522,29,7.5,23.2,15464,17.5,36.1,46.5,12.1,17.6,44.1,32.4,23.5,90.5,112.5,17.7,10.9,43.3,2022,23.8484785183318,23,-6,-20.689655172413794
Bo Bichette,159,697,24,5.9,22.2,19612,20.4,48.7,30.9,5.2,15.6,29.3,36.9,33.9,91.9,112.4,8.5,9.6,50.3,2022,19.139241225114553,19,-5,-20.833333333333332
Michael Harris II,114,441,19,4.8,24.3,25931,16.7,56.2,27.1,8.4,22.9,34.7,40.6,24.7,89.5,112.8,4.5,10.1,45.1,2022,15.605924303875295,15,-4,-21.05263157894737
Brandon Drury,138,568,28,6.7,22.2,11615,19.7,40.9,39.4,9.0,17.9,47.2,30.1,22.7,89.1,112.4,13.8,10.4,41.7,2022,22.056663831817506,22,-6,-21.428571428571427
Thairo Estrada,140,541,14,6.1,16.5,16426,19.9,50.5,29.5,12.0,12.0,44.9,33.3,21.7,86.2,109.3,8.1,4.4,30.6,2022,11.95429454030958,11,-3,-21.428571428571427
Anthony Rizzo,130,548,32,10.6,18.4,3473,17.5,33.2,49.3,10.6,17.8,48.1,29.5,22.4,89.4,113.3,19.3,10.9,40.7,2022,25.59587131743586,25,-7,-21.875
Bryan Reynolds,145,614,27,9.1,23.0,19326,22.1,43.2,34.7,4.3,19.3,40.2,35.2,24.6,90.2,113.2,12.0,7.9,42.9,2022,21.198317727917743,21,-6,-22.22222222222222
Jeremy Pena,136,558,22,3.9,24.2,21636,20.7,46.4,32.9,10.2,17.3,46.4,30.9,22.7,88.1,110.5,8.7,9.6,36.2,2022,17.5430318321893,17,-5,-22.727272727272727
Luis Rengifo,127,511,17,3.3,15.5,19858,17.8,47.2,35.0,11.9,11.9,40.9,42.1,17.0,86.9,109.3,9.9,5.4,33.3,2022,13.801016280574839,13,-4,-23.529411764705884
C.J. Cron,150,632,29,6.8,25.9,12546,20.4,39.4,40.1,9.6,17.4,34.9,38.9,26.2,88.6,115.5,14.1,10.8,42.2,2022,22.576679205879298,22,-7,-24.137931034482758
Pete Alonso,160,685,40,9.8,18.7,19251,19.9,36.2,43.9,11.0,19.0,44.8,31.2,24.1,89.8,116.5,18.2,12.3,44.6,2022,30.705045537707544,30,-10,-25.0
Manny Machado,150,644,32,9.8,20.7,11493,20.6,37.8,41.6,15.1,17.2,41.2,33.8,25.1,91.5,112.4,16.0,9.8,49.0,2022,24.90724039938542,24,-8,-25.0
Ty France,140,613,20,5.7,15.3,17982,21.4,47.8,30.7,8.5,14.1,38.3,34.2,27.5,87.6,110.4,10.1,5.4,36.3,2022,15.351130226219018,15,-5,-25.0
Eugenio Suarez,150,629,31,11.6,31.2,12552,20.2,34.1,45.7,6.2,19.3,46.3,30.1,23.6,89.8,111.4,19.9,14.8,43.5,2022,23.962949966470585,23,-8,-25.806451612903224
Nathaniel Lowe,157,645,27,7.4,22.8,19566,21.3,48.1,30.6,6.6,19.9,33.0,37.0,30.0,90.3,113.0,8.0,9.9,44.8,2022,20.194218799579204,20,-7,-25.925925925925927
Daulton Varsho,151,592,27,7.8,24.5,19918,15.3,40.4,44.3,11.9,16.1,54.5,29.5,16.0,87.7,110.3,14.9,10.2,35.3,2022,20.85600234727129,20,-7,-25.925925925925927
Tony Kemp,147,558,7,8.1,12.4,14894,20.2,41.0,38.8,14.3,4.3,42.9,34.6,22.5,84.4,103.2,15.0,1.6,14.9,2022,5.85002688959571,5,-2,-28.571428571428573
Willy Adames,139,617,31,7.9,26.9,15986,20.0,34.2,45.9,10.3,16.8,40.4,34.7,24.9,88.9,110.6,18.9,13.0,43.4,2022,22.278207716747552,22,-9,-29.032258064516128
Mike Trout,119,499,40,10.8,27.9,10155,18.7,24.7,56.7,7.6,23.5,41.7,31.3,27.0,91.6,114.4,24.6,19.7,50.3,2022,28.83420144159451,28,-12,-30.0
Corey Seager,151,663,33,8.7,15.5,13624,21.0,40.0,39.0,1.6,17.1,42.2,34.3,23.4,91.1,111.3,13.6,10.5,45.5,2022,23.94464273552295,23,-10,-30.303030303030305
Kyle Schwarber,155,669,46,12.9,29.9,16478,15.7,33.2,51.1,12.0,24.0,43.8,36.9,19.3,93.3,114.8,19.2,20.1,54.4,2022,32.24428762251539,32,-14,-30.434782608695652
Christian Walker,160,667,36,10.3,19.6,13419,17.4,38.3,44.2,10.8,17.7,42.9,33.8,23.3,90.0,112.6,17.0,11.5,44.0,2022,25.9520176302603,25,-11,-30.555555555555557
Mookie Betts,142,639,35,8.6,16.3,13611,18.6,33.7,47.7,6.2,15.6,45.3,33.7,21.0,90.5,109.0,18.6,9.7,44.7,2022,24.345614654628555,24,-11,-31.428571428571427
Aaron Judge,157,696,62,15.9,25.1,15640,19.3,37.3,43.5,4.6,35.6,47.5,31.8,20.8,95.8,118.4,14.9,26.2,60.9,2022,42.46671173472018,42,-20,-32.25806451612903
Jake Fraley,68,247,12,10.5,21.9,19260,20.1,43.3,36.6,1.7,20.0,45.7,28.0,26.2,85.1,110.0,13.8,7.3,27.4,2022,8.802585872164343,8,-4,-33.333333333333336
Paul Goldschmidt,151,651,35,12.1,21.7,9218,18.9,40.3,40.8,10.4,20.2,37.7,36.3,25.9,90.7,112.3,15.7,11.5,46.9,2022,23.776806935018822,23,-12,-34.285714285714285
Jose Altuve,141,604,28,10.9,14.4,5417,20.4,41.0,38.7,12.0,16.8,51.9,31.7,16.3,85.9,109.8,16.1,7.7,29.5,2022,17.564621278822607,17,-11,-39.285714285714285
David Fletcher,61,228,2,3.1,7.0,17992,24.6,35.4,40.0,15.4,2.6,34.2,32.7,33.2,82.1,99.0,15.0,0.0,6.9,2022,1.313279729410966,1,-1,-50.0
